{"akarilevel_stats.md":"JmhMqZ8h","akarilevel_install.md":"C-AjCz5x","akarilevel_links.md":"BHWEZ2qT","akarilevel_others.md":"Crrz468v","akarilevel_update.md":"D3L4LqBP","akarilevel_index.md":"bh4BlIJg","akarilevel_config_lang_zh_cn.md":"CWofFWyX","akarilevel_config_level.md":"Crbk_xWS","akariplugins.md":"BwQC8Qiv","akarilevel_link.md":"WOXJzuTu","akarilevel_develop_from.md":"B2IeSQmY","akariban_install.md":"BO6HtfW-","akarilevel_permission.md":"eLjAZgvr","index.md":"BEm_MVMR","akariban_index.md":"DSE1ekKi","akarilevel_command.md":"BUxIcoW7","akarilevel_config_index.md":"D2939yzQ","akarilevel_donate.md":"fNdQRwCI","akarilevel_develop_event.md":"Czadxami","akarilevel_function.md":"fhSH0z8-","akarilevel_develop_api.md":"Ch-S-oEd","akarilevel_config_settings.md":"Co7jjuDS"}
